{"repoSenseVersion":"524076bfc5","reportGeneratedTime":"Mon, 23 Feb 2026 21:36:41 UTC","reportGenerationTime":" 7.49 second(s)","zoneId":"Etc/UTC","reportTitle":"RepoSense Report","repos":[{"location":{"location":"https://github.com/reposense/RepoSense.git","repoName":"RepoSense","organization":"reposense","domainName":"github"},"branch":"master","displayName":"reposense/RepoSense[master]","outputFolderName":"reposense_RepoSense_master","sinceDate":"2026-01-01T00:00:00","untilDate":"2026-02-23T23:59:59"}],"errorSet":[],"sinceDate":"2026-01-01T00:00:00","untilDate":"2026-02-23T23:59:59","isSinceDateProvided":true,"isUntilDateProvided":false,"supportedDomainUrlMap":{"NOT_RECOGNIZED":{"BRANCH":"","REPO_URL":"UNSUPPORTED","BASE_URL":"UNSUPPORTED","HISTORY_PATH":"","COMMIT_PATH":"","BLAME_PATH":""},"github":{"BRANCH":"tree/$BRANCH","REPO_URL":"https://github.com/$ORGANIZATION/$REPO_NAME/","BASE_URL":"https://github.com/","HISTORY_PATH":"commits/$BRANCH/$FILE_PATH","COMMIT_PATH":"commit/$COMMIT_HASH","BLAME_PATH":"blame/$BRANCH/$FILE_PATH"}},"isAuthorshipAnalyzed":true,"repoBlurbs":{"blurbMap":{}},"authorBlurbs":{"blurbMap":{}},"chartBlurbs":{"blurbMap":{}},"isPortfolio":false}
