{"authorDailyContributionsMap":{"yizhong187":[{"date":"2026-01-29T00:00:00","commitResults":[{"hash":"d1fbb5af675f60881d685c8787a481517e9d4ebb","isMergeCommit":false,"messageTitle":"[#2507][#2529] Remove asset flag from ug (#2525)","messageBody":"Remove `--assets` mentions in UG and restructure customizing-reports\npage\n\nAdd node_modules to pagesExclude to prevent unnecessary md detection.\nReorganized the customization guide sections with better naming and\nhierarchy.","fileTypesAndContributionMap":{"md":{"insertions":62,"deletions":69},"json":{"insertions":1,"deletions":0}}}]},{"date":"2026-02-09T00:00:00","commitResults":[{"hash":"455c34f1bfd6655c332c66d289cde4c1c0746cd7","isMergeCommit":false,"messageTitle":"[#2513] Add repository-level GitHub Copilot instructions  (#2515)","messageBody":"This PR adds a repository-specific guidance file to improve\nAI-assisted development (e.g., GitHub Copilot).\n\nIt documents RepoSense’s architecture, coding standards, project\npatterns, development workflow, and CI/CD practices, helping AI tools\ngenerate suggestions aligned with existing design decisions.\n\nThis improves suggestion quality, reduces review effort, and lowers\nthe onboarding cost for new contributors.","fileTypesAndContributionMap":{"gitignore":{"insertions":1,"deletions":0},"md":{"insertions":626,"deletions":0}}}]}],"CHEN YIXUN":[{"date":"2026-01-19T00:00:00","commitResults":[{"hash":"838a3abb2b85fc51e1e191b0bfd2f5d617cf9f00","isMergeCommit":false,"messageTitle":"Remove deprecated MacOS13 from CI/CD","messageBody":"The MacOS13 runner image is not be supported\nby GitHub and may cause our CI/CD check to suspend.\n\nLet\u0027s update the integration.yml and remove the runner image.","fileTypesAndContributionMap":{"yml":{"insertions":1,"deletions":1}}}]}],"Ong Li Hong":[{"date":"2026-02-18T00:00:00","commitResults":[{"hash":"2036b19a658a2a3357a0bc44fb092b39d6eecad5","isMergeCommit":false,"messageTitle":"[#2429] Allow different time period for different repos in report-config.yaml (#2490)","messageBody":"Add since and until field in report-config.yaml under branches\n\nPreviously, the report-config.yaml doesn\u0027t support different time periods for \ndifferent repos and relied on CLI flags for all repos.\n\nAdd two optional fields (since, until) with the format\n- dd/MM/yyyy\n- dd/MM/yyyy HH:mm\n- dd/MM/yyyy HH:mm:ss","fileTypesAndContributionMap":{"java":{"insertions":362,"deletions":20},"md":{"insertions":33,"deletions":2},"yaml":{"insertions":2,"deletions":0}}}]}],"Ashmita Haldar":[{"date":"2026-01-30T00:00:00","commitResults":[{"hash":"6bdbf2e20ac9c08e28d94cfb3a23461c17c95ca6","isMergeCommit":false,"messageTitle":"[#2318] Rename title.md (#2516)","messageBody":"Rename title.md\n\nThis pull request updates the dashboard\u0027s introductory section to use\n`intro.md` instead of the legacy  `title.md`, improving clarity\nacross documentation, frontend, and backend code. Legacy support for\n`title.md` remains for backward compatibility, but\nusers are encouraged to migrate to `intro.md`. \n\nThe changes also update documentation to reflect this new approach\nand clarify the difference between the browser tab title and the\ndashboard intro section.","fileTypesAndContributionMap":{"gradle":{"insertions":1,"deletions":0},"java":{"insertions":16,"deletions":16},"md":{"insertions":25,"deletions":7},"vue":{"insertions":62,"deletions":42},"js":{"insertions":2,"deletions":2},"mts":{"insertions":1,"deletions":1}}}]}],"Letian Yu":[{"date":"2026-01-29T00:00:00","commitResults":[{"hash":"4a2b68ab778c3379ce8671fe464f763ee3c10f41","isMergeCommit":false,"messageTitle":"[#2506] Update link to vue3 (#2508)","messageBody":"Update link to vue3\n\nThe link of vue.js tutorial links to vue2, but vue2 is outdated \nand vue3 is actually used in reposense.\n\nLet\u0027s update the link to vue3 on vue master.","fileTypesAndContributionMap":{"md":{"insertions":1,"deletions":1}}},{"hash":"98e9723081f4f2c6a453816d7761a8dec39f3e47","isMergeCommit":false,"messageTitle":"[#2467] Add gh pages deployment instructions (#2510)","messageBody":"Add GitHub Pages deployment instructions\n\nThe current User Guide does not mention that users need to deploy\nGitHub Pages to view their report, nor does it explain how to do so.\n\nLet\u0027s add instructions with a link to the official GitHub Pages \ndocumentation for completeness.","fileTypesAndContributionMap":{"md":{"insertions":1,"deletions":2}}}]},{"date":"2026-02-09T00:00:00","commitResults":[{"hash":"6090f5c1e38c3802772a4bacad61c7b7dd1932ba","isMergeCommit":false,"messageTitle":"[#2523] Delete deprecated test (#2540)","messageBody":"Remove faulty IOException test for missing summary.json\n\nThe test fails when frontend/public contains report data, which gets\nincluded in templateZip.zip during the build process.\n\nLet\u0027s remove\ngenerateReposReport_isOnlyTextRefreshedTrueButInvalidPath_throwsIoException\n\nSince the validation logic is straightforward, setting up additional\ntest setup is not worth the complexity.","fileTypesAndContributionMap":{"java":{"insertions":0,"deletions":20}}}]}]},"authorFileTypeContributionMap":{"yizhong187":{"md":682,"gitignore":1,"json":1},"CHEN YIXUN":{"yml":1},"Ong Li Hong":{"md":32,"java":360,"yaml":2},"Ashmita Haldar":{"gradle":1,"md":14,"js":2,"vue":62,"mts":1,"java":9},"Letian Yu":{"md":2}},"authorContributionVariance":{"yizhong187":8138.699,"CHEN YIXUN":0.07996674,"Ong Li Hong":3509.7576,"Ashmita Haldar":612.24524,"Letian Yu":8.413162},"authorDisplayNameMap":{"yizhong187":"yizhong187","CHEN YIXUN":"CHEN YIXUN","Ong Li Hong":"Ong Li Hong","Ashmita Haldar":"Ashmita Haldar","Letian Yu":"Letian Yu"}}
